-- phpMyAdmin SQL Dump
-- version 5.2.1
-- https://www.phpmyadmin.net/
--
-- Host: 127.0.0.1
-- Generation Time: Dec 24, 2025 at 02:07 AM
-- Server version: 10.4.32-MariaDB
-- PHP Version: 8.2.12

SET SQL_MODE = "NO_AUTO_VALUE_ON_ZERO";
START TRANSACTION;
SET time_zone = "+00:00";


/*!40101 SET @OLD_CHARACTER_SET_CLIENT=@@CHARACTER_SET_CLIENT */;
/*!40101 SET @OLD_CHARACTER_SET_RESULTS=@@CHARACTER_SET_RESULTS */;
/*!40101 SET @OLD_COLLATION_CONNECTION=@@COLLATION_CONNECTION */;
/*!40101 SET NAMES utf8mb4 */;

--
-- Database: `spkfutsal`
--

-- --------------------------------------------------------

--
-- Table structure for table `bobot_penilaian`
--

CREATE TABLE `bobot_penilaian` (
  `id` bigint(20) UNSIGNED NOT NULL,
  `latihan_id` bigint(20) UNSIGNED NOT NULL,
  `pemain_id` bigint(20) UNSIGNED NOT NULL,
  `kriteria_id` bigint(20) UNSIGNED NOT NULL,
  `bobot` int(11) DEFAULT NULL,
  `created_at` timestamp NULL DEFAULT NULL,
  `updated_at` timestamp NULL DEFAULT NULL,
  `bobot_wj` decimal(8,4) DEFAULT NULL
) ENGINE=InnoDB DEFAULT CHARSET=utf8mb4 COLLATE=utf8mb4_unicode_ci;

--
-- Dumping data for table `bobot_penilaian`
--

INSERT INTO `bobot_penilaian` (`id`, `latihan_id`, `pemain_id`, `kriteria_id`, `bobot`, `created_at`, `updated_at`, `bobot_wj`) VALUES
(1431, 19, 13, 3, 9, '2025-12-13 12:59:49', '2025-12-13 13:16:18', NULL),
(1432, 19, 13, 4, 8, '2025-12-13 12:59:49', '2025-12-13 13:16:18', NULL),
(1433, 19, 13, 5, 8, '2025-12-13 12:59:49', '2025-12-13 13:16:18', NULL),
(1434, 19, 13, 6, 8, '2025-12-13 12:59:49', '2025-12-13 13:16:18', NULL),
(1435, 19, 13, 7, 7, '2025-12-13 12:59:49', '2025-12-13 13:16:18', NULL),
(1436, 19, 13, 8, 7, '2025-12-13 12:59:49', '2025-12-13 13:16:18', NULL),
(1437, 19, 13, 9, 7, '2025-12-13 12:59:49', '2025-12-13 13:16:18', NULL),
(1438, 19, 13, 10, 5, '2025-12-13 12:59:49', '2025-12-13 12:59:49', NULL),
(1439, 19, 13, 11, 5, '2025-12-13 12:59:49', '2025-12-13 12:59:49', NULL),
(1440, 19, 13, 12, 6, '2025-12-13 12:59:49', '2025-12-13 13:16:18', NULL),
(1441, 19, 13, 13, 6, '2025-12-13 12:59:49', '2025-12-13 13:16:18', NULL),
(1442, 19, 13, 14, 5, '2025-12-13 12:59:49', '2025-12-13 12:59:49', NULL),
(1443, 19, 13, 15, 5, '2025-12-13 12:59:49', '2025-12-13 12:59:49', NULL),
(1444, 19, 13, 16, 5, '2025-12-13 12:59:49', '2025-12-13 12:59:49', NULL),
(1445, 19, 13, 17, 6, '2025-12-13 12:59:49', '2025-12-13 13:16:18', NULL),
(1446, 19, 13, 18, 6, '2025-12-13 12:59:49', '2025-12-13 13:16:18', NULL),
(1447, 19, 13, 19, 5, '2025-12-13 12:59:49', '2025-12-13 12:59:49', NULL),
(1448, 19, 13, 20, 5, '2025-12-13 12:59:49', '2025-12-13 12:59:49', NULL),
(1449, 19, 13, 21, 5, '2025-12-13 12:59:49', '2025-12-13 12:59:49', NULL),
(1450, 19, 13, 22, 6, '2025-12-13 12:59:49', '2025-12-13 13:16:18', NULL),
(1451, 19, 13, 23, 7, '2025-12-13 12:59:49', '2025-12-13 13:16:18', NULL),
(1452, 19, 13, 24, 6, '2025-12-13 12:59:49', '2025-12-13 13:16:18', NULL),
(1453, 19, 14, 3, 7, '2025-12-13 13:19:28', '2025-12-13 13:19:28', NULL),
(1454, 19, 14, 4, 7, '2025-12-13 13:19:28', '2025-12-13 13:19:28', NULL),
(1455, 19, 14, 5, 7, '2025-12-13 13:19:28', '2025-12-13 13:19:28', NULL),
(1456, 19, 14, 6, 6, '2025-12-13 13:19:28', '2025-12-13 13:19:28', NULL),
(1457, 19, 14, 7, 6, '2025-12-13 13:19:28', '2025-12-13 13:19:28', NULL),
(1458, 19, 14, 8, 7, '2025-12-13 13:19:28', '2025-12-13 13:19:28', NULL),
(1459, 19, 14, 9, 8, '2025-12-13 13:19:28', '2025-12-13 13:19:28', NULL),
(1460, 19, 14, 10, 7, '2025-12-13 13:19:28', '2025-12-13 13:19:28', NULL),
(1461, 19, 14, 11, 6, '2025-12-13 13:19:28', '2025-12-13 13:19:28', NULL),
(1462, 19, 14, 12, 5, '2025-12-13 13:19:28', '2025-12-13 13:19:28', NULL),
(1463, 19, 14, 13, 5, '2025-12-13 13:19:28', '2025-12-13 13:19:28', NULL),
(1464, 19, 14, 14, 7, '2025-12-13 13:19:28', '2025-12-13 13:19:28', NULL),
(1465, 19, 14, 15, 6, '2025-12-13 13:19:28', '2025-12-13 13:19:28', NULL),
(1466, 19, 14, 16, 6, '2025-12-13 13:19:28', '2025-12-13 13:19:28', NULL),
(1467, 19, 14, 17, 5, '2025-12-13 13:19:28', '2025-12-13 13:19:28', NULL),
(1468, 19, 14, 18, 5, '2025-12-13 13:19:28', '2025-12-13 13:19:28', NULL),
(1469, 19, 14, 19, 5, '2025-12-13 13:19:28', '2025-12-13 13:19:28', NULL),
(1470, 19, 14, 20, 7, '2025-12-13 13:19:28', '2025-12-13 13:19:28', NULL),
(1471, 19, 14, 21, 7, '2025-12-13 13:19:28', '2025-12-13 13:19:28', NULL),
(1472, 19, 14, 22, 6, '2025-12-13 13:19:28', '2025-12-13 13:19:28', NULL),
(1473, 19, 14, 23, 8, '2025-12-13 13:19:28', '2025-12-13 13:19:28', NULL),
(1474, 19, 14, 24, 5, '2025-12-13 13:19:28', '2025-12-13 13:19:28', NULL),
(1475, 19, 15, 3, 6, '2025-12-14 03:15:37', '2025-12-14 03:15:37', NULL),
(1476, 19, 15, 4, 9, '2025-12-14 03:15:37', '2025-12-14 03:15:37', NULL),
(1477, 19, 15, 5, 9, '2025-12-14 03:15:37', '2025-12-14 03:15:37', NULL),
(1478, 19, 15, 6, 6, '2025-12-14 03:15:37', '2025-12-14 03:15:37', NULL),
(1479, 19, 15, 7, 6, '2025-12-14 03:15:37', '2025-12-14 03:15:37', NULL),
(1480, 19, 15, 8, 8, '2025-12-14 03:15:37', '2025-12-14 03:15:37', NULL),
(1481, 19, 15, 9, 9, '2025-12-14 03:15:37', '2025-12-14 03:15:37', NULL),
(1482, 19, 15, 10, 9, '2025-12-14 03:15:37', '2025-12-14 03:15:37', NULL),
(1483, 19, 15, 11, 9, '2025-12-14 03:15:37', '2025-12-14 03:15:37', NULL),
(1484, 19, 15, 12, 8, '2025-12-14 03:15:37', '2025-12-14 03:15:37', NULL),
(1485, 19, 15, 13, 8, '2025-12-14 03:15:37', '2025-12-14 03:15:37', NULL),
(1486, 19, 15, 14, 7, '2025-12-14 03:15:37', '2025-12-14 03:15:37', NULL),
(1487, 19, 15, 15, 6, '2025-12-14 03:15:37', '2025-12-14 03:15:37', NULL),
(1488, 19, 15, 16, 6, '2025-12-14 03:15:37', '2025-12-14 03:15:37', NULL),
(1489, 19, 15, 17, 8, '2025-12-14 03:15:37', '2025-12-14 03:15:37', NULL),
(1490, 19, 15, 18, 8, '2025-12-14 03:15:37', '2025-12-14 03:15:37', NULL),
(1491, 19, 15, 19, 8, '2025-12-14 03:15:37', '2025-12-14 03:15:37', NULL),
(1492, 19, 15, 20, 7, '2025-12-14 03:15:37', '2025-12-14 03:15:37', NULL),
(1493, 19, 15, 21, 8, '2025-12-14 03:15:37', '2025-12-14 03:15:37', NULL),
(1494, 19, 15, 22, 6, '2025-12-14 03:15:37', '2025-12-14 03:15:37', NULL),
(1495, 19, 15, 23, 9, '2025-12-14 03:15:37', '2025-12-14 03:15:37', NULL),
(1496, 19, 15, 24, 8, '2025-12-14 03:15:37', '2025-12-14 03:15:37', NULL),
(1497, 19, 16, 3, 7, '2025-12-14 03:16:12', '2025-12-14 03:16:12', NULL),
(1498, 19, 16, 4, 8, '2025-12-14 03:16:12', '2025-12-14 03:16:12', NULL),
(1499, 19, 16, 5, 8, '2025-12-14 03:16:12', '2025-12-14 03:16:12', NULL),
(1500, 19, 16, 6, 7, '2025-12-14 03:16:12', '2025-12-14 03:16:12', NULL),
(1501, 19, 16, 7, 7, '2025-12-14 03:16:12', '2025-12-14 03:16:12', NULL),
(1502, 19, 16, 8, 8, '2025-12-14 03:16:12', '2025-12-14 03:16:12', NULL),
(1503, 19, 16, 9, 9, '2025-12-14 03:16:12', '2025-12-14 03:16:12', NULL),
(1504, 19, 16, 10, 8, '2025-12-14 03:16:12', '2025-12-14 03:16:12', NULL),
(1505, 19, 16, 11, 6, '2025-12-14 03:16:12', '2025-12-14 03:16:12', NULL),
(1506, 19, 16, 12, 6, '2025-12-14 03:16:12', '2025-12-14 03:16:12', NULL),
(1507, 19, 16, 13, 7, '2025-12-14 03:16:12', '2025-12-14 03:16:12', NULL),
(1508, 19, 16, 14, 6, '2025-12-14 03:16:12', '2025-12-14 03:16:12', NULL),
(1509, 19, 16, 15, 7, '2025-12-14 03:16:12', '2025-12-14 03:16:12', NULL),
(1510, 19, 16, 16, 6, '2025-12-14 03:16:12', '2025-12-14 03:16:12', NULL),
(1511, 19, 16, 17, 5, '2025-12-14 03:16:12', '2025-12-14 03:16:12', NULL),
(1512, 19, 16, 18, 6, '2025-12-14 03:16:12', '2025-12-14 03:16:12', NULL),
(1513, 19, 16, 19, 6, '2025-12-14 03:16:12', '2025-12-14 03:16:12', NULL),
(1514, 19, 16, 20, 6, '2025-12-14 03:16:12', '2025-12-14 03:16:12', NULL),
(1515, 19, 16, 21, 5, '2025-12-14 03:16:12', '2025-12-14 03:16:12', NULL),
(1516, 19, 16, 22, 6, '2025-12-14 03:16:12', '2025-12-14 03:16:12', NULL),
(1517, 19, 16, 23, 9, '2025-12-14 03:16:12', '2025-12-14 03:16:12', NULL),
(1518, 19, 16, 24, 7, '2025-12-14 03:16:12', '2025-12-14 03:16:12', NULL),
(1519, 19, 17, 3, 6, '2025-12-14 03:16:53', '2025-12-14 03:16:53', NULL),
(1520, 19, 17, 4, 8, '2025-12-14 03:16:53', '2025-12-14 03:16:53', NULL),
(1521, 19, 17, 5, 8, '2025-12-14 03:16:53', '2025-12-14 03:16:53', NULL),
(1522, 19, 17, 6, 8, '2025-12-14 03:16:53', '2025-12-14 03:16:53', NULL),
(1523, 19, 17, 7, 8, '2025-12-14 03:16:53', '2025-12-14 03:16:53', NULL),
(1524, 19, 17, 8, 8, '2025-12-14 03:16:53', '2025-12-14 03:16:53', NULL),
(1525, 19, 17, 9, 8, '2025-12-14 03:16:53', '2025-12-14 03:16:53', NULL),
(1526, 19, 17, 10, 9, '2025-12-14 03:16:53', '2025-12-14 03:16:53', NULL),
(1527, 19, 17, 11, 9, '2025-12-14 03:16:53', '2025-12-14 03:16:53', NULL),
(1528, 19, 17, 12, 9, '2025-12-14 03:16:53', '2025-12-14 03:16:53', NULL),
(1529, 19, 17, 13, 8, '2025-12-14 03:16:53', '2025-12-14 03:16:53', NULL),
(1530, 19, 17, 14, 9, '2025-12-14 03:16:53', '2025-12-14 03:16:53', NULL),
(1531, 19, 17, 15, 9, '2025-12-14 03:16:53', '2025-12-14 03:16:53', NULL),
(1532, 19, 17, 16, 8, '2025-12-14 03:16:53', '2025-12-14 03:16:53', NULL),
(1533, 19, 17, 17, 9, '2025-12-14 03:16:53', '2025-12-14 03:16:53', NULL),
(1534, 19, 17, 18, 8, '2025-12-14 03:16:53', '2025-12-14 03:16:53', NULL),
(1535, 19, 17, 19, 8, '2025-12-14 03:16:53', '2025-12-14 03:16:53', NULL),
(1536, 19, 17, 20, 8, '2025-12-14 03:16:53', '2025-12-14 03:16:53', NULL),
(1537, 19, 17, 21, 9, '2025-12-14 03:16:53', '2025-12-14 03:16:53', NULL),
(1538, 19, 17, 22, 9, '2025-12-14 03:16:53', '2025-12-14 03:16:53', NULL),
(1539, 19, 17, 23, 8, '2025-12-14 03:16:53', '2025-12-14 03:16:53', NULL),
(1540, 19, 17, 24, 8, '2025-12-14 03:16:53', '2025-12-14 03:16:53', NULL),
(1541, 19, 18, 3, 6, '2025-12-14 03:17:33', '2025-12-14 03:17:33', NULL),
(1542, 19, 18, 4, 8, '2025-12-14 03:17:33', '2025-12-14 03:17:33', NULL),
(1543, 19, 18, 5, 7, '2025-12-14 03:17:33', '2025-12-14 03:17:33', NULL),
(1544, 19, 18, 6, 5, '2025-12-14 03:17:33', '2025-12-14 03:17:33', NULL),
(1545, 19, 18, 7, 6, '2025-12-14 03:17:33', '2025-12-14 03:17:33', NULL),
(1546, 19, 18, 8, 8, '2025-12-14 03:17:33', '2025-12-14 03:17:33', NULL),
(1547, 19, 18, 9, 9, '2025-12-14 03:17:33', '2025-12-14 03:17:33', NULL),
(1548, 19, 18, 10, 8, '2025-12-14 03:17:33', '2025-12-14 03:17:33', NULL),
(1549, 19, 18, 11, 6, '2025-12-14 03:17:33', '2025-12-14 03:17:33', NULL),
(1550, 19, 18, 12, 6, '2025-12-14 03:17:33', '2025-12-14 03:17:33', NULL),
(1551, 19, 18, 13, 6, '2025-12-14 03:17:33', '2025-12-14 03:17:33', NULL),
(1552, 19, 18, 14, 9, '2025-12-14 03:17:33', '2025-12-14 03:17:33', NULL),
(1553, 19, 18, 15, 9, '2025-12-14 03:17:33', '2025-12-14 03:17:33', NULL),
(1554, 19, 18, 16, 6, '2025-12-14 03:17:33', '2025-12-14 03:17:33', NULL),
(1555, 19, 18, 17, 6, '2025-12-14 03:17:33', '2025-12-14 03:17:33', NULL),
(1556, 19, 18, 18, 7, '2025-12-14 03:17:33', '2025-12-14 03:17:33', NULL),
(1557, 19, 18, 19, 6, '2025-12-14 03:17:33', '2025-12-14 03:17:33', NULL),
(1558, 19, 18, 20, 6, '2025-12-14 03:17:33', '2025-12-14 03:17:33', NULL),
(1559, 19, 18, 21, 6, '2025-12-14 03:17:33', '2025-12-14 03:17:33', NULL),
(1560, 19, 18, 22, 6, '2025-12-14 03:17:33', '2025-12-14 03:17:33', NULL),
(1561, 19, 18, 23, 9, '2025-12-14 03:17:33', '2025-12-14 03:17:33', NULL),
(1562, 19, 18, 24, 9, '2025-12-14 03:17:33', '2025-12-14 03:17:33', NULL),
(1563, 19, 19, 3, 6, '2025-12-14 03:18:08', '2025-12-14 03:18:08', NULL),
(1564, 19, 19, 4, 6, '2025-12-14 03:18:08', '2025-12-14 03:18:08', NULL),
(1565, 19, 19, 5, 6, '2025-12-14 03:18:08', '2025-12-14 03:18:08', NULL),
(1566, 19, 19, 6, 6, '2025-12-14 03:18:08', '2025-12-14 03:18:08', NULL),
(1567, 19, 19, 7, 6, '2025-12-14 03:18:08', '2025-12-14 03:18:08', NULL),
(1568, 19, 19, 8, 9, '2025-12-14 03:18:08', '2025-12-14 03:18:08', NULL),
(1569, 19, 19, 9, 8, '2025-12-14 03:18:08', '2025-12-14 03:18:08', NULL),
(1570, 19, 19, 10, 8, '2025-12-14 03:18:08', '2025-12-14 03:18:08', NULL),
(1571, 19, 19, 11, 9, '2025-12-14 03:18:08', '2025-12-14 03:18:08', NULL),
(1572, 19, 19, 12, 7, '2025-12-14 03:18:08', '2025-12-14 03:18:08', NULL),
(1573, 19, 19, 13, 6, '2025-12-14 03:18:08', '2025-12-14 03:18:08', NULL),
(1574, 19, 19, 14, 9, '2025-12-14 03:18:08', '2025-12-14 03:18:08', NULL),
(1575, 19, 19, 15, 8, '2025-12-14 03:18:08', '2025-12-14 03:18:08', NULL),
(1576, 19, 19, 16, 9, '2025-12-14 03:18:08', '2025-12-14 03:18:08', NULL),
(1577, 19, 19, 17, 6, '2025-12-14 03:18:08', '2025-12-14 03:18:08', NULL),
(1578, 19, 19, 18, 6, '2025-12-14 03:18:08', '2025-12-14 03:18:08', NULL),
(1579, 19, 19, 19, 6, '2025-12-14 03:18:08', '2025-12-14 03:18:08', NULL),
(1580, 19, 19, 20, 6, '2025-12-14 03:18:08', '2025-12-14 03:18:08', NULL),
(1581, 19, 19, 21, 6, '2025-12-14 03:18:08', '2025-12-14 03:18:08', NULL),
(1582, 19, 19, 22, 8, '2025-12-14 03:18:08', '2025-12-14 03:18:08', NULL),
(1583, 19, 19, 23, 6, '2025-12-14 03:18:08', '2025-12-14 03:18:08', NULL),
(1584, 19, 19, 24, 7, '2025-12-14 03:18:08', '2025-12-14 03:18:08', NULL),
(1585, 19, 20, 3, 7, '2025-12-14 03:18:51', '2025-12-14 03:18:51', NULL),
(1586, 19, 20, 4, 8, '2025-12-14 03:18:51', '2025-12-14 03:18:51', NULL),
(1587, 19, 20, 5, 8, '2025-12-14 03:18:51', '2025-12-14 03:18:51', NULL),
(1588, 19, 20, 6, 9, '2025-12-14 03:18:51', '2025-12-14 03:18:51', NULL),
(1589, 19, 20, 7, 7, '2025-12-14 03:18:51', '2025-12-14 03:18:51', NULL),
(1590, 19, 20, 8, 9, '2025-12-14 03:18:51', '2025-12-14 03:18:51', NULL),
(1591, 19, 20, 9, 8, '2025-12-14 03:18:51', '2025-12-14 03:18:51', NULL),
(1592, 19, 20, 10, 9, '2025-12-14 03:18:51', '2025-12-14 03:18:51', NULL),
(1593, 19, 20, 11, 8, '2025-12-14 03:18:51', '2025-12-14 03:18:51', NULL),
(1594, 19, 20, 12, 5, '2025-12-14 03:18:51', '2025-12-14 03:18:51', NULL),
(1595, 19, 20, 13, 9, '2025-12-14 03:18:51', '2025-12-14 03:18:51', NULL),
(1596, 19, 20, 14, 9, '2025-12-14 03:18:51', '2025-12-14 03:18:51', NULL),
(1597, 19, 20, 15, 9, '2025-12-14 03:18:51', '2025-12-14 03:18:51', NULL),
(1598, 19, 20, 16, 7, '2025-12-14 03:18:51', '2025-12-14 03:18:51', NULL),
(1599, 19, 20, 17, 6, '2025-12-14 03:18:51', '2025-12-14 03:18:51', NULL),
(1600, 19, 20, 18, 7, '2025-12-14 03:18:51', '2025-12-14 03:18:51', NULL),
(1601, 19, 20, 19, 6, '2025-12-14 03:18:51', '2025-12-14 03:18:51', NULL),
(1602, 19, 20, 20, 5, '2025-12-14 03:18:51', '2025-12-14 03:18:51', NULL),
(1603, 19, 20, 21, 9, '2025-12-14 03:18:51', '2025-12-14 03:18:51', NULL),
(1604, 19, 20, 22, 8, '2025-12-14 03:18:51', '2025-12-14 03:18:51', NULL),
(1605, 19, 20, 23, 9, '2025-12-14 03:18:51', '2025-12-14 03:18:51', NULL),
(1606, 19, 20, 24, 5, '2025-12-14 03:18:51', '2025-12-14 03:18:51', NULL),
(1607, 19, 21, 3, 7, '2025-12-14 03:19:31', '2025-12-14 03:19:31', NULL),
(1608, 19, 21, 4, 9, '2025-12-14 03:19:31', '2025-12-14 03:19:31', NULL),
(1609, 19, 21, 5, 8, '2025-12-14 03:19:31', '2025-12-14 03:19:31', NULL),
(1610, 19, 21, 6, 8, '2025-12-14 03:19:31', '2025-12-14 03:19:31', NULL),
(1611, 19, 21, 7, 7, '2025-12-14 03:19:31', '2025-12-14 03:19:31', NULL),
(1612, 19, 21, 8, 7, '2025-12-14 03:19:31', '2025-12-14 03:19:31', NULL),
(1613, 19, 21, 9, 9, '2025-12-14 03:19:31', '2025-12-14 03:19:31', NULL),
(1614, 19, 21, 10, 7, '2025-12-14 03:19:31', '2025-12-14 03:19:31', NULL),
(1615, 19, 21, 11, 8, '2025-12-14 03:19:31', '2025-12-14 03:19:31', NULL),
(1616, 19, 21, 12, 8, '2025-12-14 03:19:31', '2025-12-14 03:19:31', NULL),
(1617, 19, 21, 13, 8, '2025-12-14 03:19:31', '2025-12-14 03:19:31', NULL),
(1618, 19, 21, 14, 8, '2025-12-14 03:19:31', '2025-12-14 03:19:31', NULL),
(1619, 19, 21, 15, 8, '2025-12-14 03:19:31', '2025-12-14 03:19:31', NULL),
(1620, 19, 21, 16, 7, '2025-12-14 03:19:31', '2025-12-14 03:19:31', NULL),
(1621, 19, 21, 17, 8, '2025-12-14 03:19:31', '2025-12-14 03:19:31', NULL),
(1622, 19, 21, 18, 8, '2025-12-14 03:19:31', '2025-12-14 03:19:31', NULL),
(1623, 19, 21, 19, 7, '2025-12-14 03:19:32', '2025-12-14 03:19:32', NULL),
(1624, 19, 21, 20, 8, '2025-12-14 03:19:32', '2025-12-14 03:19:32', NULL),
(1625, 19, 21, 21, 8, '2025-12-14 03:19:32', '2025-12-14 03:19:32', NULL),
(1626, 19, 21, 22, 9, '2025-12-14 03:19:32', '2025-12-14 03:19:32', NULL),
(1627, 19, 21, 23, 9, '2025-12-14 03:19:32', '2025-12-14 03:19:32', NULL),
(1628, 19, 21, 24, 9, '2025-12-14 03:19:32', '2025-12-14 03:19:32', NULL),
(1629, 19, 22, 3, 6, '2025-12-14 03:20:04', '2025-12-14 03:20:04', NULL),
(1630, 19, 22, 4, 9, '2025-12-14 03:20:04', '2025-12-14 03:20:04', NULL),
(1631, 19, 22, 5, 7, '2025-12-14 03:20:04', '2025-12-14 03:20:04', NULL),
(1632, 19, 22, 6, 8, '2025-12-14 03:20:04', '2025-12-14 03:20:04', NULL),
(1633, 19, 22, 7, 6, '2025-12-14 03:20:04', '2025-12-14 03:20:04', NULL),
(1634, 19, 22, 8, 7, '2025-12-14 03:20:04', '2025-12-14 03:20:04', NULL),
(1635, 19, 22, 9, 6, '2025-12-14 03:20:04', '2025-12-14 03:20:04', NULL),
(1636, 19, 22, 10, 7, '2025-12-14 03:20:04', '2025-12-14 03:20:04', NULL),
(1637, 19, 22, 11, 8, '2025-12-14 03:20:04', '2025-12-14 03:20:04', NULL),
(1638, 19, 22, 12, 6, '2025-12-14 03:20:04', '2025-12-14 03:20:04', NULL),
(1639, 19, 22, 13, 9, '2025-12-14 03:20:04', '2025-12-14 03:20:04', NULL),
(1640, 19, 22, 14, 7, '2025-12-14 03:20:04', '2025-12-14 03:20:04', NULL),
(1641, 19, 22, 15, 8, '2025-12-14 03:20:04', '2025-12-14 03:20:04', NULL),
(1642, 19, 22, 16, 6, '2025-12-14 03:20:04', '2025-12-14 03:20:04', NULL),
(1643, 19, 22, 17, 7, '2025-12-14 03:20:04', '2025-12-14 03:20:04', NULL),
(1644, 19, 22, 18, 7, '2025-12-14 03:20:04', '2025-12-14 03:20:04', NULL),
(1645, 19, 22, 19, 8, '2025-12-14 03:20:04', '2025-12-14 03:20:04', NULL),
(1646, 19, 22, 20, 7, '2025-12-14 03:20:04', '2025-12-14 03:20:04', NULL),
(1647, 19, 22, 21, 9, '2025-12-14 03:20:04', '2025-12-14 03:20:04', NULL),
(1648, 19, 22, 22, 9, '2025-12-14 03:20:04', '2025-12-14 03:20:04', NULL),
(1649, 19, 22, 23, 8, '2025-12-14 03:20:04', '2025-12-14 03:20:04', NULL),
(1650, 19, 22, 24, 9, '2025-12-14 03:20:04', '2025-12-14 03:20:04', NULL),
(1893, 26, 13, 3, 5, '2025-12-23 16:30:48', '2025-12-23 16:30:48', NULL),
(1894, 26, 13, 4, 5, '2025-12-23 16:30:48', '2025-12-23 16:30:48', NULL),
(1895, 26, 13, 5, 5, '2025-12-23 16:30:48', '2025-12-23 16:30:48', NULL),
(1896, 26, 13, 6, 5, '2025-12-23 16:30:48', '2025-12-23 16:30:48', NULL),
(1897, 26, 13, 7, 5, '2025-12-23 16:30:48', '2025-12-23 16:30:48', NULL),
(1898, 26, 13, 8, 5, '2025-12-23 16:30:48', '2025-12-23 16:30:48', NULL),
(1899, 26, 13, 9, 5, '2025-12-23 16:30:48', '2025-12-23 16:30:48', NULL),
(1900, 26, 13, 10, 5, '2025-12-23 16:30:48', '2025-12-23 16:30:48', NULL),
(1901, 26, 13, 11, 5, '2025-12-23 16:30:48', '2025-12-23 16:30:48', NULL),
(1902, 26, 13, 12, 5, '2025-12-23 16:30:48', '2025-12-23 16:30:48', NULL),
(1903, 26, 13, 13, 5, '2025-12-23 16:30:48', '2025-12-23 16:30:48', NULL),
(1904, 26, 13, 14, 5, '2025-12-23 16:30:48', '2025-12-23 16:30:48', NULL),
(1905, 26, 13, 15, 5, '2025-12-23 16:30:48', '2025-12-23 16:30:48', NULL),
(1906, 26, 13, 16, 5, '2025-12-23 16:30:48', '2025-12-23 16:30:48', NULL),
(1907, 26, 13, 17, 5, '2025-12-23 16:30:48', '2025-12-23 16:30:48', NULL),
(1908, 26, 13, 18, 5, '2025-12-23 16:30:48', '2025-12-23 16:30:48', NULL),
(1909, 26, 13, 19, 5, '2025-12-23 16:30:48', '2025-12-23 16:30:48', NULL),
(1910, 26, 13, 20, 5, '2025-12-23 16:30:48', '2025-12-23 16:30:48', NULL),
(1911, 26, 13, 21, 5, '2025-12-23 16:30:48', '2025-12-23 16:30:48', NULL),
(1912, 26, 13, 22, 5, '2025-12-23 16:30:48', '2025-12-23 16:30:48', NULL),
(1913, 26, 13, 23, 5, '2025-12-23 16:30:48', '2025-12-23 16:30:48', NULL),
(1914, 26, 13, 24, 5, '2025-12-23 16:30:48', '2025-12-23 16:30:48', NULL);

-- --------------------------------------------------------

--
-- Table structure for table `bobot_posisi`
--

CREATE TABLE `bobot_posisi` (
  `id` bigint(20) UNSIGNED NOT NULL,
  `posisi_id` bigint(20) UNSIGNED NOT NULL,
  `kriteria_id` bigint(20) UNSIGNED NOT NULL,
  `bobot` int(11) NOT NULL,
  `bobot_wj` double NOT NULL,
  `created_at` timestamp NULL DEFAULT NULL,
  `updated_at` timestamp NULL DEFAULT NULL
) ENGINE=InnoDB DEFAULT CHARSET=utf8mb4 COLLATE=utf8mb4_unicode_ci;

--
-- Dumping data for table `bobot_posisi`
--

INSERT INTO `bobot_posisi` (`id`, `posisi_id`, `kriteria_id`, `bobot`, `bobot_wj`, `created_at`, `updated_at`) VALUES
(1, 1, 3, 5, 0.071428571428571, '2025-11-25 08:49:28', '2025-12-16 18:04:57'),
(2, 1, 4, 5, 0.071428571428571, '2025-11-25 08:49:28', '2025-12-16 18:04:57'),
(3, 1, 5, 5, 0.071428571428571, '2025-11-25 08:49:28', '2025-12-16 18:04:57'),
(4, 1, 6, 5, 0.071428571428571, '2025-11-25 08:49:28', '2025-12-16 18:04:57'),
(5, 1, 7, 4, 0.057142857142857, '2025-11-25 08:49:28', '2025-12-16 18:04:57'),
(6, 1, 8, 4, 0.057142857142857, '2025-11-25 08:49:28', '2025-12-16 18:04:57'),
(7, 1, 9, 4, 0.057142857142857, '2025-11-25 08:49:28', '2025-12-16 18:04:57'),
(8, 1, 10, 3, 0.042857142857143, '2025-11-25 08:49:28', '2025-12-16 18:04:57'),
(9, 1, 11, 3, 0.042857142857143, '2025-11-25 08:49:28', '2025-12-16 18:04:57'),
(10, 1, 12, 3, 0.042857142857143, '2025-11-25 08:49:28', '2025-12-16 18:04:57'),
(11, 1, 13, 3, 0.042857142857143, '2025-11-25 08:49:28', '2025-12-16 18:04:57'),
(12, 1, 14, 1, 0.014285714285714, '2025-11-25 08:49:28', '2025-12-16 18:04:57'),
(13, 1, 15, 1, 0.014285714285714, '2025-11-25 08:49:28', '2025-12-16 18:04:57'),
(14, 1, 16, 1, 0.014285714285714, '2025-11-25 08:49:28', '2025-12-16 18:04:57'),
(15, 1, 17, 3, 0.042857142857143, '2025-11-25 08:49:28', '2025-12-16 18:04:57'),
(16, 1, 18, 3, 0.042857142857143, '2025-11-25 08:49:28', '2025-12-16 18:04:57'),
(17, 1, 19, 5, 0.071428571428571, '2025-11-25 08:49:28', '2025-12-16 18:04:57'),
(18, 1, 20, 2, 0.028571428571429, '2025-11-25 08:49:28', '2025-12-16 18:04:57'),
(19, 1, 21, 4, 0.057142857142857, '2025-11-25 08:49:28', '2025-12-16 18:04:57'),
(20, 1, 22, 1, 0.014285714285714, '2025-11-25 08:49:28', '2025-12-16 18:04:57'),
(21, 1, 23, 4, 0.057142857142857, '2025-11-25 08:49:28', '2025-12-16 18:04:57'),
(22, 1, 24, 1, 0.014285714285714, '2025-11-25 08:49:28', '2025-12-16 18:04:57'),
(67, 4, 3, 2, 0.025316455696203, '2025-11-26 06:47:22', '2025-12-16 18:05:05'),
(68, 4, 4, 5, 0.063291139240506, '2025-11-26 06:47:22', '2025-12-16 18:05:05'),
(69, 4, 5, 4, 0.050632911392405, '2025-11-26 06:47:22', '2025-12-16 18:05:05'),
(70, 4, 6, 3, 0.037974683544304, '2025-11-26 06:47:22', '2025-12-16 18:05:05'),
(71, 4, 7, 3, 0.037974683544304, '2025-11-26 06:47:22', '2025-12-16 18:05:05'),
(72, 4, 8, 4, 0.050632911392405, '2025-11-26 06:47:22', '2025-12-16 18:05:05'),
(73, 4, 9, 5, 0.063291139240506, '2025-11-26 06:47:22', '2025-12-16 18:05:05'),
(74, 4, 10, 5, 0.063291139240506, '2025-11-26 06:47:22', '2025-12-16 18:05:05'),
(75, 4, 11, 4, 0.050632911392405, '2025-11-26 06:47:22', '2025-12-16 18:05:05'),
(76, 4, 12, 5, 0.063291139240506, '2025-11-26 06:47:22', '2025-12-16 18:05:05'),
(77, 4, 13, 5, 0.063291139240506, '2025-11-26 06:47:22', '2025-12-16 18:05:05'),
(78, 4, 14, 3, 0.037974683544304, '2025-11-26 06:47:22', '2025-12-16 18:05:05'),
(79, 4, 15, 2, 0.025316455696203, '2025-11-26 06:47:22', '2025-12-16 18:05:05'),
(80, 4, 16, 1, 0.012658227848101, '2025-11-26 06:47:22', '2025-12-16 18:05:05'),
(81, 4, 17, 3, 0.037974683544304, '2025-11-26 06:47:22', '2025-12-16 18:05:05'),
(82, 4, 18, 4, 0.050632911392405, '2025-11-26 06:47:22', '2025-12-16 18:05:05'),
(83, 4, 19, 4, 0.050632911392405, '2025-11-26 06:47:22', '2025-12-16 18:05:05'),
(84, 4, 20, 4, 0.050632911392405, '2025-11-26 06:47:22', '2025-12-16 18:05:05'),
(85, 4, 21, 5, 0.063291139240506, '2025-11-26 06:47:22', '2025-12-16 18:05:05'),
(86, 4, 22, 2, 0.025316455696203, '2025-11-26 06:47:22', '2025-12-16 18:05:05'),
(87, 4, 23, 4, 0.050632911392405, '2025-11-26 06:47:22', '2025-12-16 18:05:05'),
(88, 4, 24, 2, 0.025316455696203, '2025-11-26 06:47:22', '2025-12-16 18:05:05'),
(89, 5, 3, 1, 0.010869565217391, '2025-11-26 06:49:10', '2025-12-16 18:05:15'),
(90, 5, 4, 4, 0.043478260869565, '2025-11-26 06:49:10', '2025-12-16 18:05:15'),
(91, 5, 5, 5, 0.054347826086957, '2025-11-26 06:49:10', '2025-12-16 18:05:15'),
(92, 5, 6, 4, 0.043478260869565, '2025-11-26 06:49:10', '2025-12-16 18:05:15'),
(93, 5, 7, 3, 0.032608695652174, '2025-11-26 06:49:10', '2025-12-16 18:05:15'),
(94, 5, 8, 3, 0.032608695652174, '2025-11-26 06:49:10', '2025-12-16 18:05:15'),
(95, 5, 9, 3, 0.032608695652174, '2025-11-26 06:49:10', '2025-12-16 18:05:15'),
(96, 5, 10, 5, 0.054347826086957, '2025-11-26 06:49:10', '2025-12-16 18:05:15'),
(97, 5, 11, 4, 0.043478260869565, '2025-11-26 06:49:10', '2025-12-16 18:05:15'),
(98, 5, 12, 4, 0.043478260869565, '2025-11-26 06:49:10', '2025-12-16 18:05:15'),
(99, 5, 13, 3, 0.032608695652174, '2025-11-26 06:49:10', '2025-12-16 18:05:15'),
(100, 5, 14, 5, 0.054347826086957, '2025-11-26 06:49:10', '2025-12-16 18:05:15'),
(101, 5, 15, 5, 0.054347826086957, '2025-11-26 06:49:10', '2025-12-16 18:05:15'),
(102, 5, 16, 5, 0.054347826086957, '2025-11-26 06:49:10', '2025-12-16 18:05:15'),
(103, 5, 17, 5, 0.054347826086957, '2025-11-26 06:49:10', '2025-12-16 18:05:15'),
(104, 5, 18, 5, 0.054347826086957, '2025-11-26 06:49:10', '2025-12-16 18:05:15'),
(105, 5, 19, 4, 0.043478260869565, '2025-11-26 06:49:10', '2025-12-16 18:05:15'),
(106, 5, 20, 5, 0.054347826086957, '2025-11-26 06:49:10', '2025-12-16 18:05:15'),
(107, 5, 21, 5, 0.054347826086957, '2025-11-26 06:49:10', '2025-12-16 18:05:15'),
(108, 5, 22, 5, 0.054347826086957, '2025-11-26 06:49:10', '2025-12-16 18:05:15'),
(109, 5, 23, 4, 0.043478260869565, '2025-11-26 06:49:10', '2025-12-16 18:05:15'),
(110, 5, 24, 5, 0.054347826086957, '2025-11-26 06:49:10', '2025-12-16 18:05:15'),
(111, 6, 3, 1, 0.01123595505618, '2025-11-26 06:50:54', '2025-12-16 18:05:22'),
(112, 6, 4, 4, 0.044943820224719, '2025-11-26 06:50:54', '2025-12-16 18:05:22'),
(113, 6, 5, 4, 0.044943820224719, '2025-11-26 06:50:54', '2025-12-16 18:05:22'),
(114, 6, 6, 5, 0.056179775280899, '2025-11-26 06:50:54', '2025-12-16 18:05:22'),
(115, 6, 7, 4, 0.044943820224719, '2025-11-26 06:50:54', '2025-12-16 18:05:22'),
(116, 6, 8, 5, 0.056179775280899, '2025-11-26 06:50:54', '2025-12-16 18:05:22'),
(117, 6, 9, 3, 0.033707865168539, '2025-11-26 06:50:54', '2025-12-16 18:05:22'),
(118, 6, 10, 5, 0.056179775280899, '2025-11-26 06:50:54', '2025-12-16 18:05:22'),
(119, 6, 11, 5, 0.056179775280899, '2025-11-26 06:50:54', '2025-12-16 18:05:22'),
(120, 6, 12, 4, 0.044943820224719, '2025-11-26 06:50:54', '2025-12-16 18:05:22'),
(121, 6, 13, 3, 0.033707865168539, '2025-11-26 06:50:54', '2025-12-16 18:05:22'),
(122, 6, 14, 5, 0.056179775280899, '2025-11-26 06:50:54', '2025-12-16 18:05:22'),
(123, 6, 15, 5, 0.056179775280899, '2025-11-26 06:50:54', '2025-12-16 18:05:22'),
(124, 6, 16, 3, 0.033707865168539, '2025-11-26 06:50:54', '2025-12-16 18:05:22'),
(125, 6, 17, 5, 0.056179775280899, '2025-11-26 06:50:54', '2025-12-16 18:05:22'),
(126, 6, 18, 5, 0.056179775280899, '2025-11-26 06:50:54', '2025-12-16 18:05:22'),
(127, 6, 19, 4, 0.044943820224719, '2025-11-26 06:50:54', '2025-12-16 18:05:22'),
(128, 6, 20, 4, 0.044943820224719, '2025-11-26 06:50:54', '2025-12-16 18:05:22'),
(129, 6, 21, 5, 0.056179775280899, '2025-11-26 06:50:54', '2025-12-16 18:05:22'),
(130, 6, 22, 3, 0.033707865168539, '2025-11-26 06:50:54', '2025-12-16 18:05:22'),
(131, 6, 23, 4, 0.044943820224719, '2025-11-26 06:50:54', '2025-12-16 18:05:22'),
(132, 6, 24, 3, 0.033707865168539, '2025-11-26 06:50:54', '2025-12-16 18:05:22'),
(133, 7, 3, 1, 0.011764705882353, '2025-11-26 06:52:42', '2025-12-16 18:05:30'),
(134, 7, 4, 5, 0.058823529411765, '2025-11-26 06:52:42', '2025-12-16 18:05:30'),
(135, 7, 5, 5, 0.058823529411765, '2025-11-26 06:52:42', '2025-12-16 18:05:30'),
(136, 7, 6, 5, 0.058823529411765, '2025-11-26 06:52:42', '2025-12-16 18:05:30'),
(137, 7, 7, 3, 0.035294117647059, '2025-11-26 06:52:42', '2025-12-16 18:05:30'),
(138, 7, 8, 3, 0.035294117647059, '2025-11-26 06:52:42', '2025-12-16 18:05:30'),
(139, 7, 9, 5, 0.058823529411765, '2025-11-26 06:52:42', '2025-12-16 18:05:30'),
(140, 7, 10, 4, 0.047058823529412, '2025-11-26 06:52:42', '2025-12-16 18:05:30'),
(141, 7, 11, 3, 0.035294117647059, '2025-11-26 06:52:42', '2025-12-16 18:05:30'),
(142, 7, 12, 4, 0.047058823529412, '2025-11-26 06:52:42', '2025-12-16 18:05:30'),
(143, 7, 13, 3, 0.035294117647059, '2025-11-26 06:52:42', '2025-12-16 18:05:30'),
(144, 7, 14, 3, 0.035294117647059, '2025-11-26 06:52:42', '2025-12-16 18:05:30'),
(145, 7, 15, 4, 0.047058823529412, '2025-11-26 06:52:42', '2025-12-16 18:05:30'),
(146, 7, 16, 2, 0.023529411764706, '2025-11-26 06:52:42', '2025-12-16 18:05:30'),
(147, 7, 17, 4, 0.047058823529412, '2025-11-26 06:52:42', '2025-12-16 18:05:30'),
(148, 7, 18, 4, 0.047058823529412, '2025-11-26 06:52:42', '2025-12-16 18:05:30'),
(149, 7, 19, 5, 0.058823529411765, '2025-11-26 06:52:42', '2025-12-16 18:05:30'),
(150, 7, 20, 3, 0.035294117647059, '2025-11-26 06:52:42', '2025-12-16 18:05:30'),
(151, 7, 21, 4, 0.047058823529412, '2025-11-26 06:52:42', '2025-12-16 18:05:30'),
(152, 7, 22, 5, 0.058823529411765, '2025-11-26 06:52:42', '2025-12-16 18:05:30'),
(153, 7, 23, 5, 0.058823529411765, '2025-11-26 06:52:42', '2025-12-16 18:05:30'),
(154, 7, 24, 5, 0.058823529411765, '2025-11-26 06:52:42', '2025-12-16 18:05:30');

-- --------------------------------------------------------

--
-- Table structure for table `cache`
--

CREATE TABLE `cache` (
  `key` varchar(255) NOT NULL,
  `value` mediumtext NOT NULL,
  `expiration` int(11) NOT NULL
) ENGINE=InnoDB DEFAULT CHARSET=utf8mb4 COLLATE=utf8mb4_unicode_ci;

-- --------------------------------------------------------

--
-- Table structure for table `cache_locks`
--

CREATE TABLE `cache_locks` (
  `key` varchar(255) NOT NULL,
  `owner` varchar(255) NOT NULL,
  `expiration` int(11) NOT NULL
) ENGINE=InnoDB DEFAULT CHARSET=utf8mb4 COLLATE=utf8mb4_unicode_ci;

-- --------------------------------------------------------

--
-- Table structure for table `detail_latihan`
--

CREATE TABLE `detail_latihan` (
  `id` bigint(20) UNSIGNED NOT NULL,
  `latihan_id` bigint(20) UNSIGNED NOT NULL,
  `pemain_id` bigint(20) UNSIGNED NOT NULL,
  `status` int(11) DEFAULT NULL,
  `created_at` timestamp NULL DEFAULT NULL,
  `updated_at` timestamp NULL DEFAULT NULL
) ENGINE=InnoDB DEFAULT CHARSET=utf8mb4 COLLATE=utf8mb4_unicode_ci;

--
-- Dumping data for table `detail_latihan`
--

INSERT INTO `detail_latihan` (`id`, `latihan_id`, `pemain_id`, `status`, `created_at`, `updated_at`) VALUES
(20, 19, 13, 2, '2025-12-13 12:42:17', '2025-12-17 16:00:53'),
(21, 19, 14, 2, '2025-12-13 12:42:17', '2025-12-17 16:00:53'),
(22, 19, 15, 2, '2025-12-13 12:42:17', '2025-12-17 16:00:53'),
(23, 19, 16, 2, '2025-12-13 12:42:17', '2025-12-17 16:00:53'),
(24, 19, 17, 2, '2025-12-13 12:42:17', '2025-12-17 16:00:53'),
(25, 19, 18, 2, '2025-12-13 12:42:17', '2025-12-17 16:00:53'),
(26, 19, 19, 2, '2025-12-13 12:42:17', '2025-12-17 16:00:53'),
(27, 19, 20, 2, '2025-12-13 12:42:17', '2025-12-17 16:00:53'),
(28, 19, 21, 2, '2025-12-13 12:42:17', '2025-12-17 16:00:53'),
(29, 19, 22, 2, '2025-12-13 12:42:17', '2025-12-17 16:00:53'),
(90, 26, 13, 2, '2025-12-23 16:29:04', '2025-12-23 16:30:48'),
(91, 26, 14, 1, '2025-12-23 16:29:04', '2025-12-23 16:29:04'),
(92, 26, 15, 1, '2025-12-23 16:29:04', '2025-12-23 16:29:04'),
(93, 26, 16, 1, '2025-12-23 16:29:04', '2025-12-23 16:29:04'),
(94, 26, 17, 1, '2025-12-23 16:29:04', '2025-12-23 16:29:04'),
(95, 26, 18, 1, '2025-12-23 16:29:04', '2025-12-23 16:29:04'),
(96, 26, 19, 1, '2025-12-23 16:29:04', '2025-12-23 16:29:04'),
(97, 26, 20, 1, '2025-12-23 16:29:04', '2025-12-23 16:29:04'),
(98, 26, 21, 1, '2025-12-23 16:29:04', '2025-12-23 16:29:04'),
(99, 26, 22, 1, '2025-12-23 16:29:04', '2025-12-23 16:29:04');

-- --------------------------------------------------------

--
-- Table structure for table `failed_jobs`
--

CREATE TABLE `failed_jobs` (
  `id` bigint(20) UNSIGNED NOT NULL,
  `uuid` varchar(255) NOT NULL,
  `connection` text NOT NULL,
  `queue` text NOT NULL,
  `payload` longtext NOT NULL,
  `exception` longtext NOT NULL,
  `failed_at` timestamp NOT NULL DEFAULT current_timestamp()
) ENGINE=InnoDB DEFAULT CHARSET=utf8mb4 COLLATE=utf8mb4_unicode_ci;

-- --------------------------------------------------------

--
-- Table structure for table `jobs`
--

CREATE TABLE `jobs` (
  `id` bigint(20) UNSIGNED NOT NULL,
  `queue` varchar(255) NOT NULL,
  `payload` longtext NOT NULL,
  `attempts` tinyint(3) UNSIGNED NOT NULL,
  `reserved_at` int(10) UNSIGNED DEFAULT NULL,
  `available_at` int(10) UNSIGNED NOT NULL,
  `created_at` int(10) UNSIGNED NOT NULL
) ENGINE=InnoDB DEFAULT CHARSET=utf8mb4 COLLATE=utf8mb4_unicode_ci;

-- --------------------------------------------------------

--
-- Table structure for table `job_batches`
--

CREATE TABLE `job_batches` (
  `id` varchar(255) NOT NULL,
  `name` varchar(255) NOT NULL,
  `total_jobs` int(11) NOT NULL,
  `pending_jobs` int(11) NOT NULL,
  `failed_jobs` int(11) NOT NULL,
  `failed_job_ids` longtext NOT NULL,
  `options` mediumtext DEFAULT NULL,
  `cancelled_at` int(11) DEFAULT NULL,
  `created_at` int(11) NOT NULL,
  `finished_at` int(11) DEFAULT NULL
) ENGINE=InnoDB DEFAULT CHARSET=utf8mb4 COLLATE=utf8mb4_unicode_ci;

-- --------------------------------------------------------

--
-- Table structure for table `kriteria`
--

CREATE TABLE `kriteria` (
  `id` bigint(20) UNSIGNED NOT NULL,
  `kode` varchar(255) NOT NULL,
  `name` varchar(255) NOT NULL,
  `bobot` int(11) NOT NULL,
  `atribut` int(11) NOT NULL,
  `created_at` timestamp NULL DEFAULT NULL,
  `updated_at` timestamp NULL DEFAULT NULL
) ENGINE=InnoDB DEFAULT CHARSET=utf8mb4 COLLATE=utf8mb4_unicode_ci;

--
-- Dumping data for table `kriteria`
--

INSERT INTO `kriteria` (`id`, `kode`, `name`, `bobot`, `atribut`, `created_at`, `updated_at`) VALUES
(3, 'K1', 'Refleks', 5, 1, NULL, NULL),
(4, 'K2', 'Positioning', 5, 1, NULL, NULL),
(5, 'K3', '1-on-1 Situations', 5, 1, NULL, NULL),
(6, 'K4', 'Ball Handling', 5, 1, NULL, NULL),
(7, 'K5', 'Footwork', 4, 1, NULL, NULL),
(8, 'K6', 'Distribution', 4, 1, NULL, NULL),
(9, 'K7', 'Strength', 4, 1, NULL, NULL),
(10, 'K8', 'Passing', 3, 1, NULL, NULL),
(11, 'K9', 'Vision', 3, 1, NULL, NULL),
(12, 'K10', 'Game Awareness', 3, 1, NULL, NULL),
(13, 'K11', 'Tactical Discipline', 3, 1, NULL, NULL),
(14, 'K12', 'Acceleration', 1, 1, NULL, NULL),
(15, 'K13', 'Dribbling', 1, 1, NULL, NULL),
(16, 'K14', 'Crossing', 1, 1, NULL, NULL),
(17, 'K15', 'Stamina', 3, 1, NULL, NULL),
(18, 'K16', 'Agility', 3, 1, NULL, NULL),
(19, 'K17', 'Balance', 5, 1, NULL, NULL),
(20, 'K18', 'Speed', 2, 1, NULL, NULL),
(21, 'K19', 'Teamwork', 4, 1, NULL, NULL),
(22, 'K20', 'Finishing', 1, 1, NULL, NULL),
(23, 'K21', 'Composure', 4, 1, NULL, NULL),
(24, 'K22', 'Shooting', 1, 1, NULL, NULL);

-- --------------------------------------------------------

--
-- Table structure for table `latihan`
--

CREATE TABLE `latihan` (
  `id` bigint(20) UNSIGNED NOT NULL,
  `name` varchar(255) NOT NULL,
  `tanggal` date NOT NULL,
  `created_at` timestamp NULL DEFAULT NULL,
  `updated_at` timestamp NULL DEFAULT NULL
) ENGINE=InnoDB DEFAULT CHARSET=utf8mb4 COLLATE=utf8mb4_unicode_ci;

--
-- Dumping data for table `latihan`
--

INSERT INTO `latihan` (`id`, `name`, `tanggal`, `created_at`, `updated_at`) VALUES
(19, 'Latihan 1', '2025-12-03', '2025-12-13 12:42:17', '2025-12-13 12:58:09'),
(26, 'Latihan 2', '2025-12-23', '2025-12-23 16:29:04', '2025-12-23 16:29:04');

-- --------------------------------------------------------

--
-- Table structure for table `migrations`
--

CREATE TABLE `migrations` (
  `id` int(10) UNSIGNED NOT NULL,
  `migration` varchar(255) NOT NULL,
  `batch` int(11) NOT NULL
) ENGINE=InnoDB DEFAULT CHARSET=utf8mb4 COLLATE=utf8mb4_unicode_ci;

--
-- Dumping data for table `migrations`
--

INSERT INTO `migrations` (`id`, `migration`, `batch`) VALUES
(10, '0001_01_01_000000_create_users_table', 1),
(11, '0001_01_01_000001_create_cache_table', 1),
(12, '0001_01_01_000002_create_jobs_table', 1),
(14, '2025_11_15_103123_create_pemain_table', 2),
(15, '2025_11_16_170033_add_image_column_to_users_table', 3),
(17, '2025_11_19_125951_create_kriteria_table', 4),
(18, '2025_11_23_073248_change_column_posisi_to_id_posisi', 5),
(21, '2025_11_23_073612_create_posisi_table', 6),
(22, '2025_11_25_131555_create_bobot_posisi_table', 6),
(23, '2025_11_26_132540_change_type_bobot_wj_column', 7),
(28, '2025_12_07_132133_create_latihan_table', 8),
(30, '2025_12_07_132421_create_bobot_penilaian_table', 9),
(31, '2025_12_08_212533_drop_id_pemain_column_in_latihan_table', 10),
(37, '2025_12_12_222010_create_detail_latihan_table', 11),
(38, '2025_12_13_190827_drop_bobot_wj_column_in_bobot_penilaian_table', 12),
(39, '2025_12_13_191349_drop_tanggal_column_in_bobot_penilaian_table', 13),
(40, '2025_12_13_195351_drop_tanggal_column_in_detail_latihan_table', 14),
(43, '2025_12_17_005048_change_change_type_bobot_wj_column_in_bobot_posisi_table', 15),
(44, '2025_12_17_222510_add_status_column_in_detail_latihan_table', 16);

-- --------------------------------------------------------

--
-- Table structure for table `password_reset_tokens`
--

CREATE TABLE `password_reset_tokens` (
  `username` varchar(255) NOT NULL,
  `token` varchar(255) NOT NULL,
  `created_at` timestamp NULL DEFAULT NULL
) ENGINE=InnoDB DEFAULT CHARSET=utf8mb4 COLLATE=utf8mb4_unicode_ci;

-- --------------------------------------------------------

--
-- Table structure for table `pemain`
--

CREATE TABLE `pemain` (
  `id` bigint(20) UNSIGNED NOT NULL,
  `kode_pemain` varchar(255) NOT NULL,
  `name` varchar(255) NOT NULL,
  `jk` tinyint(4) NOT NULL,
  `kelas` varchar(255) NOT NULL,
  `umur` int(11) NOT NULL,
  `id_posisi` int(11) NOT NULL,
  `image` varchar(255) NOT NULL,
  `created_at` timestamp NULL DEFAULT NULL,
  `updated_at` timestamp NULL DEFAULT NULL
) ENGINE=InnoDB DEFAULT CHARSET=utf8mb4 COLLATE=utf8mb4_unicode_ci;

--
-- Dumping data for table `pemain`
--

INSERT INTO `pemain` (`id`, `kode_pemain`, `name`, `jk`, `kelas`, `umur`, `id_posisi`, `image`, `created_at`, `updated_at`) VALUES
(13, 'P01', 'Rizky Ramadhan', 1, 'XI IPS 5', 19, 1, 'foto_pemain/1766485260_N’Golo Kanté - FootyRenders (1).png', '2025-11-26 07:06:38', '2025-12-23 10:21:00'),
(14, 'P02', 'Faqih Sholeh Huddin', 1, 'XI IPS 5', 18, 1, 'foto_pemain/1766485269_Olivier Giroud - FootyRenders (1).png', '2025-12-08 13:27:27', '2025-12-23 10:21:09'),
(15, 'P03', 'Haryono', 1, 'XI IPS 5', 18, 4, 'foto_pemain/1766485278_Paul Pogba - FootyRenders.png', '2025-12-08 13:28:17', '2025-12-23 10:21:18'),
(16, 'P04', 'Gema Tri Sunanto', 1, 'XI IPA 2', 19, 4, 'foto_pemain/1766485287_Ousmane Dembélé - FootyRenders.png', '2025-12-08 13:44:45', '2025-12-23 10:21:27'),
(17, 'P05', 'Firmansyah', 1, 'XI IPA 3', 17, 5, 'foto_pemain/1766485296_Antoine Griezmann - FootyRenders.png', '2025-12-08 13:46:36', '2025-12-23 10:21:36'),
(18, 'P06', 'Muhamad Tio Pratama', 1, 'XI IPA 1', 18, 5, 'foto_pemain/1766485324_Olivier Giroud - FootyRenders.png', '2025-12-08 14:35:16', '2025-12-23 10:22:04'),
(19, 'P07', 'Roki Herliyanto', 1, 'XI IPA 3', 19, 6, 'foto_pemain/1766485370_Zinedine Zidane - FootyRenders.png', '2025-12-13 12:40:40', '2025-12-23 10:22:50'),
(20, 'P08', 'Muhammad Reza Maulana', 1, 'XI IPA 2', 18, 6, 'foto_pemain/1765629669_6625044904-atep_2.jpg', '2025-12-13 12:41:09', '2025-12-13 12:41:09'),
(21, 'P09', 'Dzikri Firmansyah', 1, 'XI IPA 3', 18, 7, 'foto_pemain/1766485381_N’Golo Kanté - FootyRenders.png', '2025-12-13 12:41:34', '2025-12-23 10:23:01'),
(22, 'P10', 'Irfansyah', 1, 'XI IPA 1', 19, 7, 'foto_pemain/1765629720_6625044904-atep_2.jpg', '2025-12-13 12:42:00', '2025-12-13 12:42:00');

-- --------------------------------------------------------

--
-- Table structure for table `posisi`
--

CREATE TABLE `posisi` (
  `id` bigint(20) UNSIGNED NOT NULL,
  `name` varchar(255) NOT NULL,
  `created_at` timestamp NULL DEFAULT NULL,
  `updated_at` timestamp NULL DEFAULT NULL
) ENGINE=InnoDB DEFAULT CHARSET=utf8mb4 COLLATE=utf8mb4_unicode_ci;

--
-- Dumping data for table `posisi`
--

INSERT INTO `posisi` (`id`, `name`, `created_at`, `updated_at`) VALUES
(1, 'GK', '2025-11-25 08:49:28', '2025-11-25 08:49:28'),
(4, 'Anchor', '2025-11-26 06:47:22', '2025-11-26 06:47:22'),
(5, 'Flank Kanan', '2025-11-26 06:49:10', '2025-11-26 06:49:10'),
(6, 'Flank Kiri', '2025-11-26 06:50:54', '2025-11-26 06:50:54'),
(7, 'Pivot', '2025-11-26 06:52:42', '2025-11-26 06:52:42');

-- --------------------------------------------------------

--
-- Table structure for table `sessions`
--

CREATE TABLE `sessions` (
  `id` varchar(255) NOT NULL,
  `user_id` bigint(20) UNSIGNED DEFAULT NULL,
  `ip_address` varchar(45) DEFAULT NULL,
  `user_agent` text DEFAULT NULL,
  `payload` longtext NOT NULL,
  `last_activity` int(11) NOT NULL
) ENGINE=InnoDB DEFAULT CHARSET=utf8mb4 COLLATE=utf8mb4_unicode_ci;

--
-- Dumping data for table `sessions`
--

INSERT INTO `sessions` (`id`, `user_id`, `ip_address`, `user_agent`, `payload`, `last_activity`) VALUES
('OHNAm9k3908BvBoTaKg5NEMaDuYt4MXAHELSGzhQ', 4, '127.0.0.1', 'Mozilla/5.0 (Windows NT 10.0; Win64; x64) AppleWebKit/537.36 (KHTML, like Gecko) Chrome/143.0.0.0 Safari/537.36', 'YTo0OntzOjY6Il90b2tlbiI7czo0MDoiS25OQURObjVPdEpEendHSDdTZ3RoUXBUUUI5emc0NzdjUXdHUGJzVyI7czo2OiJfZmxhc2giO2E6Mjp7czozOiJvbGQiO2E6MDp7fXM6MzoibmV3IjthOjA6e319czo5OiJfcHJldmlvdXMiO2E6MTp7czozOiJ1cmwiO3M6MzA6Imh0dHA6Ly8xMjcuMC4wLjE6ODAwMC9rcml0ZXJpYSI7fXM6NTA6ImxvZ2luX3dlYl81OWJhMzZhZGRjMmIyZjk0MDE1ODBmMDE0YzdmNThlYTRlMzA5ODlkIjtpOjQ7fQ==', 1766508392);

-- --------------------------------------------------------

--
-- Table structure for table `users`
--

CREATE TABLE `users` (
  `id` bigint(20) UNSIGNED NOT NULL,
  `name` varchar(255) NOT NULL,
  `username` varchar(255) NOT NULL,
  `password` varchar(255) NOT NULL,
  `role` varchar(255) NOT NULL,
  `image` varchar(255) DEFAULT NULL,
  `remember_token` varchar(100) DEFAULT NULL,
  `created_at` timestamp NULL DEFAULT NULL,
  `updated_at` timestamp NULL DEFAULT NULL
) ENGINE=InnoDB DEFAULT CHARSET=utf8mb4 COLLATE=utf8mb4_unicode_ci;

--
-- Dumping data for table `users`
--

INSERT INTO `users` (`id`, `name`, `username`, `password`, `role`, `image`, `remember_token`, `created_at`, `updated_at`) VALUES
(1, 'Muhammad Azrul', 'azrul', '$2y$12$pU5rC/TDVuaq0440IZKt9.t1doOomD/NtK6R2uMQGsNuIDP/.WmtO', '1', 'foto_pengguna/1766445375_ussser.jpg', NULL, NULL, '2025-12-22 23:16:15'),
(4, 'Fadhil', 'pelatih', '$2y$12$VuG0HsEEL0r8/cXq0pYN3uE.SP2nLm2hj2O6L8fb1sIpnXd8287IK', '2', 'foto_pengguna/user-profile.jpg', NULL, '2025-12-23 06:09:59', '2025-12-23 14:51:12');

--
-- Indexes for dumped tables
--

--
-- Indexes for table `bobot_penilaian`
--
ALTER TABLE `bobot_penilaian`
  ADD PRIMARY KEY (`id`),
  ADD KEY `bobot_penilaian_latihan_id_foreign` (`latihan_id`),
  ADD KEY `bobot_penilaian_pemain_id_foreign` (`pemain_id`),
  ADD KEY `bobot_penilaian_kriteria_id_foreign` (`kriteria_id`);

--
-- Indexes for table `bobot_posisi`
--
ALTER TABLE `bobot_posisi`
  ADD PRIMARY KEY (`id`),
  ADD KEY `bobot_posisi_posisi_id_foreign` (`posisi_id`),
  ADD KEY `bobot_posisi_kriteria_id_foreign` (`kriteria_id`);

--
-- Indexes for table `cache`
--
ALTER TABLE `cache`
  ADD PRIMARY KEY (`key`);

--
-- Indexes for table `cache_locks`
--
ALTER TABLE `cache_locks`
  ADD PRIMARY KEY (`key`);

--
-- Indexes for table `detail_latihan`
--
ALTER TABLE `detail_latihan`
  ADD PRIMARY KEY (`id`),
  ADD KEY `detail_latihan_latihan_id_foreign` (`latihan_id`),
  ADD KEY `detail_latihan_pemain_id_foreign` (`pemain_id`);

--
-- Indexes for table `failed_jobs`
--
ALTER TABLE `failed_jobs`
  ADD PRIMARY KEY (`id`),
  ADD UNIQUE KEY `failed_jobs_uuid_unique` (`uuid`);

--
-- Indexes for table `jobs`
--
ALTER TABLE `jobs`
  ADD PRIMARY KEY (`id`),
  ADD KEY `jobs_queue_index` (`queue`);

--
-- Indexes for table `job_batches`
--
ALTER TABLE `job_batches`
  ADD PRIMARY KEY (`id`);

--
-- Indexes for table `kriteria`
--
ALTER TABLE `kriteria`
  ADD PRIMARY KEY (`id`);

--
-- Indexes for table `latihan`
--
ALTER TABLE `latihan`
  ADD PRIMARY KEY (`id`);

--
-- Indexes for table `migrations`
--
ALTER TABLE `migrations`
  ADD PRIMARY KEY (`id`);

--
-- Indexes for table `password_reset_tokens`
--
ALTER TABLE `password_reset_tokens`
  ADD PRIMARY KEY (`username`);

--
-- Indexes for table `pemain`
--
ALTER TABLE `pemain`
  ADD PRIMARY KEY (`id`);

--
-- Indexes for table `posisi`
--
ALTER TABLE `posisi`
  ADD PRIMARY KEY (`id`);

--
-- Indexes for table `sessions`
--
ALTER TABLE `sessions`
  ADD PRIMARY KEY (`id`),
  ADD KEY `sessions_user_id_index` (`user_id`),
  ADD KEY `sessions_last_activity_index` (`last_activity`);

--
-- Indexes for table `users`
--
ALTER TABLE `users`
  ADD PRIMARY KEY (`id`),
  ADD UNIQUE KEY `users_username_unique` (`username`);

--
-- AUTO_INCREMENT for dumped tables
--

--
-- AUTO_INCREMENT for table `bobot_penilaian`
--
ALTER TABLE `bobot_penilaian`
  MODIFY `id` bigint(20) UNSIGNED NOT NULL AUTO_INCREMENT, AUTO_INCREMENT=1915;

--
-- AUTO_INCREMENT for table `bobot_posisi`
--
ALTER TABLE `bobot_posisi`
  MODIFY `id` bigint(20) UNSIGNED NOT NULL AUTO_INCREMENT, AUTO_INCREMENT=177;

--
-- AUTO_INCREMENT for table `detail_latihan`
--
ALTER TABLE `detail_latihan`
  MODIFY `id` bigint(20) UNSIGNED NOT NULL AUTO_INCREMENT, AUTO_INCREMENT=100;

--
-- AUTO_INCREMENT for table `failed_jobs`
--
ALTER TABLE `failed_jobs`
  MODIFY `id` bigint(20) UNSIGNED NOT NULL AUTO_INCREMENT;

--
-- AUTO_INCREMENT for table `jobs`
--
ALTER TABLE `jobs`
  MODIFY `id` bigint(20) UNSIGNED NOT NULL AUTO_INCREMENT;

--
-- AUTO_INCREMENT for table `kriteria`
--
ALTER TABLE `kriteria`
  MODIFY `id` bigint(20) UNSIGNED NOT NULL AUTO_INCREMENT, AUTO_INCREMENT=25;

--
-- AUTO_INCREMENT for table `latihan`
--
ALTER TABLE `latihan`
  MODIFY `id` bigint(20) UNSIGNED NOT NULL AUTO_INCREMENT, AUTO_INCREMENT=27;

--
-- AUTO_INCREMENT for table `migrations`
--
ALTER TABLE `migrations`
  MODIFY `id` int(10) UNSIGNED NOT NULL AUTO_INCREMENT, AUTO_INCREMENT=45;

--
-- AUTO_INCREMENT for table `pemain`
--
ALTER TABLE `pemain`
  MODIFY `id` bigint(20) UNSIGNED NOT NULL AUTO_INCREMENT, AUTO_INCREMENT=23;

--
-- AUTO_INCREMENT for table `posisi`
--
ALTER TABLE `posisi`
  MODIFY `id` bigint(20) UNSIGNED NOT NULL AUTO_INCREMENT, AUTO_INCREMENT=9;

--
-- AUTO_INCREMENT for table `users`
--
ALTER TABLE `users`
  MODIFY `id` bigint(20) UNSIGNED NOT NULL AUTO_INCREMENT, AUTO_INCREMENT=5;

--
-- Constraints for dumped tables
--

--
-- Constraints for table `bobot_penilaian`
--
ALTER TABLE `bobot_penilaian`
  ADD CONSTRAINT `bobot_penilaian_kriteria_id_foreign` FOREIGN KEY (`kriteria_id`) REFERENCES `kriteria` (`id`) ON DELETE CASCADE,
  ADD CONSTRAINT `bobot_penilaian_latihan_id_foreign` FOREIGN KEY (`latihan_id`) REFERENCES `latihan` (`id`) ON DELETE CASCADE,
  ADD CONSTRAINT `bobot_penilaian_pemain_id_foreign` FOREIGN KEY (`pemain_id`) REFERENCES `pemain` (`id`) ON DELETE CASCADE;

--
-- Constraints for table `bobot_posisi`
--
ALTER TABLE `bobot_posisi`
  ADD CONSTRAINT `bobot_posisi_kriteria_id_foreign` FOREIGN KEY (`kriteria_id`) REFERENCES `kriteria` (`id`) ON DELETE CASCADE,
  ADD CONSTRAINT `bobot_posisi_posisi_id_foreign` FOREIGN KEY (`posisi_id`) REFERENCES `posisi` (`id`) ON DELETE CASCADE;

--
-- Constraints for table `detail_latihan`
--
ALTER TABLE `detail_latihan`
  ADD CONSTRAINT `detail_latihan_latihan_id_foreign` FOREIGN KEY (`latihan_id`) REFERENCES `latihan` (`id`) ON DELETE CASCADE,
  ADD CONSTRAINT `detail_latihan_pemain_id_foreign` FOREIGN KEY (`pemain_id`) REFERENCES `pemain` (`id`) ON DELETE CASCADE;
COMMIT;

/*!40101 SET CHARACTER_SET_CLIENT=@OLD_CHARACTER_SET_CLIENT */;
/*!40101 SET CHARACTER_SET_RESULTS=@OLD_CHARACTER_SET_RESULTS */;
/*!40101 SET COLLATION_CONNECTION=@OLD_COLLATION_CONNECTION */;
